{"train_loss": 0.06506652384996414, "train_acc": 1.0, "epoch": 9, "trainer/global_step": 14999, "_timestamp": 1655462383, "_runtime": 118, "_step": 309, "dev_loss": 0.22445568442344666, "dev_acc": 0.9384166598320007, "_wandb": {"runtime": 119}}